query_file,query_column,minhash_time
metabolism.csv,met_id,50309395
molecule_dictionary.csv,usan_stem,31745994
atc_classification.csv,level5,65774435
products.csv,product_id,222735119
research_companies.csv,res_stem_id,40587933
activity_supp.csv,standard_text_value,23133086
variant_sequences.csv,variant_id,52813261
activities.csv,text_value,16945893
products.csv,topical,11471683
biotherapeutic_components.csv,component_id,50178733
activity_supp.csv,text_value,23103209
hrac_classification.csv,hrac_code,25018754
molecule_irac_classification.csv,irac_class_id,38729578
products.csv,parenteral,13836520
molecule_atc_classification.csv,level5,61296835
go_classification.csv,class_level,17404783
irac_classification.csv,active_ingredient,39296732
bio_component_sequences.csv,sequence,49136737
metabolism.csv,enzyme_name,25425232
go_classification.csv,path,39804954
chembl_release.csv,chembl_release_id,35683969
chembl_release.csv,creation_date,35659262
molecule_frac_classification.csv,molregno,38518136
molecule_dictionary.csv,first_approval,26599314
products.csv,route,13479082
products.csv,innovator_company,12801187
relationship_type.csv,relationship_type,26377176
protein_class_synonyms.csv,protein_class_id,31926967
organism_class.csv,l2,22848476
biotherapeutics.csv,helm_notation,136279512
target_components.csv,homologue,7631102
hrac_classification.csv,hrac_class_id,39610890
molecule_irac_classification.csv,mol_irac_id,38856628
product_patents.csv,drug_substance_flag,10001170
irac_classification.csv,irac_class_id,39425192
assays.csv,assay_group,38362881
research_stem.csv,res_stem_id,42053188
research_companies.csv,co_stem_id,42973358
product_patents.csv,delist_flag,8993220
molecule_frac_classification.csv,mol_frac_id,38422082
drug_mechanism.csv,molecular_mechanism,7573116
activity_stds_lookup.csv,std_act_id,39715624
molecule_hrac_classification.csv,mol_hrac_id,39055749
assay_classification.csv,assay_class_id,41574771
drug_mechanism.csv,direct_interaction,7583170
