metabolism.csv_met_id,37908377
molecule_dictionary.csv_usan_stem,37010163
atc_classification.csv_level5,37176794
products.csv_product_id,37103151
research_companies.csv_res_stem_id,38420110
activity_supp.csv_standard_text_value,37325776
variant_sequences.csv_variant_id,38046846
activities.csv_text_value,37219455
products.csv_topical,37425124
biotherapeutic_components.csv_component_id,37283135
activity_supp.csv_text_value,37634290
hrac_classification.csv_hrac_code,37020976
molecule_irac_classification.csv_irac_class_id,37401878
products.csv_parenteral,38103164
molecule_atc_classification.csv_level5,36685780
go_classification.csv_class_level,37270839
irac_classification.csv_active_ingredient,36168753
bio_component_sequences.csv_sequence,36891061
metabolism.csv_enzyme_name,36515413
go_classification.csv_path,36832795
chembl_release.csv_chembl_release_id,37500024
chembl_release.csv_creation_date,36778713
molecule_frac_classification.csv_molregno,37070015
molecule_dictionary.csv_first_approval,37028562
products.csv_route,37069220
products.csv_innovator_company,37724345
relationship_type.csv_relationship_type,37051373
protein_class_synonyms.csv_protein_class_id,37682044
organism_class.csv_l2,37320168
biotherapeutics.csv_helm_notation,37376250
target_components.csv_homologue,37453018
hrac_classification.csv_hrac_class_id,37868792
molecule_irac_classification.csv_mol_irac_id,37859254
product_patents.csv_drug_substance_flag,37438912
irac_classification.csv_irac_class_id,38108898
assays.csv_assay_group,36970803
research_stem.csv_res_stem_id,37609848
research_companies.csv_co_stem_id,38378721
product_patents.csv_delist_flag,37659330
molecule_frac_classification.csv_mol_frac_id,38145695
drug_mechanism.csv_molecular_mechanism,38182287
activity_stds_lookup.csv_std_act_id,37862732
molecule_hrac_classification.csv_mol_hrac_id,37908093
assay_classification.csv_assay_class_id,38358410
drug_mechanism.csv_direct_interaction,38102428
