query_file,query_column,query_selectivity,lsh_time_25,lsh_time_50,lsh_time_75,lsh_time_100,search_time_25,search_time_50,search_time_75,search_time_100,number_of_columns_25,number_of_columns_50,number_of_columns_75,number_of_columns_100,dataset,lsh_candidates_25,lsh_candidates_50,lsh_candidates_75,lsh_candidates_100
kcey-vehy.csv,qsurveyzone_home,high,0.00021767616271972656,0.00022482872009277344,0.0002579689025878906,0.00027108192443847656,0.051229238510131836,0.07678365707397461,0.11593389511108398,0.18330764770507812,14902,29636,44538,59458,nyc,4,6,9,14
iz2q-9x8d.csv,total_est_fee,high,0.00033211708068847656,0.0003771781921386719,0.00037550926208496094,0.0003788471221923828,0,0.029057979583740234,0.028705358505249023,0.0287320613861084,14929,29868,44832,59458,nyc,0,1,1,1
n84m-kx4j.csv,vehicle_engine_horsepower,high,0.0003159046173095703,0.000400543212890625,0.0003528594970703125,0.0003902912139892578,0,0.029395580291748047,0,0.028857946395874023,14812,29659,44731,59458,nyc,0,1,0,1
reri-chf8.csv,grade_12,high,0.0003306865692138672,0.0003097057342529297,0.0003895759582519531,0.0004131793975830078,0.05868864059448242,0.19811391830444336,0.20162057876586914,0.34716343879699707,14773,29533,44572,59458,nyc,2,7,7,12
g3xg-qtbc.csv,approx_date_closed,high,0.0003228187561035156,0.0003743171691894531,0.00037360191345214844,0.0004055500030517578,0,0,0.02923727035522461,0.02871227264404297,14866,29748,44631,59458,nyc,0,0,1,1
ek6b-5n74.csv,description_of_code,high,0.0003409385681152344,0.0004131793975830078,0.00042247772216796875,0.00039386749267578125,0.02979278564453125,0.058707237243652344,0.17582297325134277,0.23366379737854004,14996,29718,44738,59458,nyc,1,2,6,8
4nft-bihw.csv,tax_year,high,0.0003418922424316406,0.0003762245178222656,0.0003685951232910156,0.0003819465637207031,0.1178128719329834,0.20420575141906738,0.2037827968597412,0.34882450103759766,14928,29748,44596,59458,nyc,4,7,7,12
268n-a7em.csv,local,high,0.000354766845703125,0.0003826618194580078,0.0003886222839355469,0.00043010711669921875,0.49820733070373535,1.5131378173828125,1.808786153793335,2.3688292503356934,14820,29757,44709,59458,nyc,17,54,63,84
naib-xtez.csv,a34_coercion_threats_p,medium,0.0003998279571533203,0.0006515979766845703,0.0009677410125732422,0.0011718273162841797,3.5074257850646973,7.877936124801636,11.2915940284729,14.826638460159302,14784,29779,44733,59458,nyc,276,603,883,1179
fx4z-5xg2.csv,stop_question_frisk_complaint,high,0.0003986358642578125,0.0004830360412597656,0.0005512237548828125,0.0005729198455810547,1.5299828052520752,2.6915061473846436,4.357985734939575,5.553639888763428,14758,29900,44648,59458,nyc,52,97,154,201
6bqn-qdwq.csv,tnc_mode,high,0.0003707408905029297,0.00045943260192871094,0.0004837512969970703,0.00047779083251953125,2.94358491897583,5.115550994873047,7.816470384597778,10.172811269760132,14945,29871,44470,59458,nyc,101,186,278,370
8nqg-ia7v.csv,flag_mc,high,0.00039267539978027344,0.00048422813415527344,0.0005161762237548828,0.0005164146423339844,2.80960750579834,4.978553533554077,7.528586149215698,9.833399534225464,15051,29643,44488,59458,nyc,97,181,268,360
jpcp-ic7c.csv,qworktravelcode06,high,0.0004363059997558594,0.0006313323974609375,0.0006384849548339844,0.0006604194641113281,3.5765788555145264,7.338523626327515,10.005419492721558,13.59265947341919,14904,29797,44728,59458,nyc,123,260,364,502
9cvd-uyw6.csv,ELL PRINCIPAL,medium,0.0006346702575683594,0.0009889602661132812,0.001207113265991211,0.0009648799896240234,7.5856239795684814,15.255768537521362,14.37666654586792,12.932063579559326,14835,29724,44468,59458,nyc,265,543,821,1077
vc9v-wg6y.csv,ell_arabic,high,0.0004076957702636719,0.0005345344543457031,0.0005559921264648438,0.0006258487701416016,4.656827688217163,8.423577785491943,11.609488010406494,15.892294645309448,14964,29820,44621,59458,nyc,160,294,425,592
uu87-uz8m.csv,asc_contact_perp,high,0.00043487548828125,0.0005369186401367188,0.0005886554718017578,0.0006797313690185547,3.964200496673584,7.722272634506226,10.778163433074951,14.142268419265747,14925,29553,44603,59458,nyc,136,271,394,525
64pu-zyr2.csv,A36 Intimidating and Bullying Behavior R,medium,0.0007128715515136719,0.0013337135314941406,0.0016779899597167969,0.001277923583984375,8.246292114257812,15.833895206451416,12.900553703308105,13.125794649124146,14981,29586,44523,59458,nyc,290,563,837,1084
2ps2-dsjr.csv,_05_principal,medium,0.0006372928619384766,0.0018849372863769531,0.0013370513916015625,0.0010905265808105469,8.423429727554321,16.4983069896698,13.27920913696289,14.364566564559937,14888,29630,44469,59458,nyc,296,587,883,1179
naib-xtez.csv,a40_taking_property_without,medium,0.0007500648498535156,0.0010285377502441406,0.0013709068298339844,0.0011436939239501953,8.745125532150269,17.00799798965454,13.066858053207397,14.262578248977661,14732,29875,44558,59458,nyc,313,609,889,1179
t5qg-w9sq.csv,B31 Scholastic Dishonesty R,medium,0.0007596015930175781,0.0012123584747314453,0.0017809867858886719,0.0011487007141113281,8.843837261199951,16.482520580291748,13.341804265975952,14.385934829711914,14888,29729,44603,59458,nyc,309,586,889,1177
i6ky-n2wd.csv,_2_superintendent,medium,0.0006437301635742188,0.0010342597961425781,0.0013659000396728516,0.0011196136474609375,8.587229013442993,17.856677055358887,15.404427528381348,14.448276042938232,14939,29830,44500,59458,nyc,299,639,883,1179
r5p4-2qap.csv,18 PRINCIPAL,medium,0.0006802082061767578,0.0011641979217529297,0.0014259815216064453,0.0011289119720458984,7.706481456756592,15.208719730377197,21.868183135986328,13.103981971740723,14935,29761,44609,59458,nyc,266,539,846,1079
disc.csv,A52 Group Violence S,medium,0.0006949901580810547,0.0011720657348632812,0.0016009807586669922,0.0011763572692871094,8.408350467681885,16.228140830993652,23.595157146453857,14.15101170539856,15004,29990,44620,59458,nyc,292,578,879,1177
disc.csv,A37 Intimidating and Bullying Behavior  S,medium,0.0006952285766601562,0.001199960708618164,0.0016584396362304688,0.0012352466583251953,9.566395282745361,18.23898148536682,26.40704655647278,17.748539209365845,14831,29782,44423,59458,nyc,299,582,890,1177
disc.csv,A29 Gang Related Behavior R,medium,0.0008139610290527344,0.0012354850769042969,0.0017375946044921875,0.001153707504272461,9.118705987930298,17.252643585205078,23.88572335243225,14.330634117126465,14938,29631,44676,59458,nyc,315,612,887,1177
kg6x-kv5b.csv,10 REMOVALS,medium,0.0006563663482666016,0.0011279582977294922,0.0014612674713134766,0.00107574462890625,8.491867065429688,16.79565405845642,22.76272964477539,14.203038930892944,15123,29594,44558,59458,nyc,292,586,848,1177
naib-xtez.csv,a59_using_weapon_other_than,medium,0.0006074905395507812,0.0010833740234375,0.0013630390167236328,0.0010721683502197266,8.18270492553711,17.60194730758667,23.76964831352234,14.324309825897217,14822,29763,44591,59458,nyc,283,615,886,1179
ijzq-5wy8.csv,modes_used_june_bus,medium,0.0007450580596923828,0.0011174678802490234,0.001035451889038086,0.0013287067413330078,15.878083229064941,32.286011695861816,21.586456775665283,28.274169921875,14895,29580,44744,59458,nyc,563,1172,1783,2325
45nu-yrf2.csv,6 EXPULSIONS,medium,0.0008835792541503906,0.00121307373046875,0.001608133316040039,0.0017173290252685547,9.922091484069824,17.595190048217773,23.944018840789795,31.91088557243347,14841,29814,44459,59458,nyc,338,602,875,1177
x5tk-fa54.csv,year_5_estimate,high,0.0003871917724609375,0.0005276203155517578,0.0006313323974609375,0.0006861686706542969,12.122030973434448,24.74074125289917,36.28623843193054,29.183674335479736,14995,29607,44524,59458,nyc,415,868,1348,1763
yr5p-wjer.csv,worship_facility_gross_floor,low,0.0004801750183105469,0.001094818115234375,0.0012869834899902344,0.0015647411346435547,3.9381117820739746,7.73970365524292,11.375325202941895,15.462071895599365,15002,29501,44708,59458,nyc,326,639,942,1282
utpj-74fz.csv,bank_branch_number_of,low,0.00047969818115234375,0.0010089874267578125,0.0012485980987548828,0.0015959739685058594,3.904965400695801,7.603434324264526,11.457537412643433,15.520333051681519,14882,29566,44489,59458,nyc,323,625,955,1282
wcm8-aq5w.csv,propane_use_kbtu,low,0.0005424022674560547,0.0010173320770263672,0.0012803077697753906,0.0015497207641601562,4.13786768913269,7.9238245487213135,11.076541900634766,15.458404064178467,14908,29674,44614,59458,nyc,342,653,917,1282
nbun-wekj.csv,municipally_supplied_potable_1,low,0.00045490264892578125,0.0008368492126464844,0.0010197162628173828,0.0012481212615966797,4.225634813308716,7.811795711517334,11.65734338760376,15.371551036834717,14947,29745,44703,59458,nyc,350,649,975,1278
4tys-3tzj.csv,multifamily_housing_number,low,0.0005135536193847656,0.0010561943054199219,0.0012807846069335938,0.001544952392578125,4.162554025650024,7.942240953445435,11.683463096618652,15.528141021728516,15124,29712,44308,59458,nyc,342,654,970,1282
yr5p-wjer.csv,stadium_closed_gross_floor,low,0.0004856586456298828,0.001032114028930664,0.0013396739959716797,0.0015535354614257812,4.097612380981445,7.950282335281372,11.929574489593506,15.731183052062988,14987,29569,44623,59458,nyc,333,651,978,1282
utpj-74fz.csv,retail_store_number_of_open,low,0.00041985511779785156,0.0007414817810058594,0.0010352134704589844,0.0010950565338134766,4.227200031280518,7.893211603164673,11.51926589012146,15.549739599227905,14789,29729,44618,59458,nyc,352,655,962,1294
utpj-74fz.csv,percent_of_electricity_that,low,0.0004658699035644531,0.0009553432464599609,0.0011610984802246094,0.0015282630920410156,6.789527177810669,14.351410388946533,20.670694828033447,28.387585163116455,14971,29557,44537,59458,nyc,555,1172,1707,2328
f33j-ecpr.csv,q21_r1_c2,low,0.0005602836608886719,0.0009393692016601562,0.0013377666473388672,0.0017547607421875,7.168835163116455,14.347321510314941,21.3446307182312,28.619307041168213,14809,29871,44690,59458,nyc,593,1183,1777,2373
wa2y-rh4b.csv,noncity_yr1_plan,low,0.0005180835723876953,0.0009560585021972656,0.0012145042419433594,0.001668691635131836,7.384544134140015,14.504321575164795,21.200947761535645,28.493236303329468,14858,29760,44608,59458,nyc,614,1211,1782,2397
njjd-3gve.csv,q20_r7_c4,low,0.0006127357482910156,0.0012073516845703125,0.001580953598022461,0.002135038375854492,7.262231826782227,14.022270441055298,21.531386375427246,28.70997142791748,14815,29708,44375,59458,nyc,600,1165,1801,2399
njjd-3gve.csv,q21_r4_c2,low,0.0007827281951904297,0.0011363029479980469,0.0016798973083496094,0.002036571502685547,7.421515703201294,14.336060047149658,21.93290901184082,29.007773637771606,14867,29875,44580,59458,nyc,613,1181,1834,2399
6e44-8i2s.csv,larceny_or_other_theft_with_weapon_s,low,0.0006086826324462891,0.0011556148529052734,0.0015573501586914062,0.0020983219146728516,7.491187572479248,14.852356433868408,21.61765217781067,28.992273569107056,14862,29826,44576,59458,nyc,615,1217,1783,2399
wcm8-aq5w.csv,percent_of_electricity_that,low,0.0006048679351806641,0.0010831356048583984,0.0014190673828125,0.0018482208251953125,7.575197458267212,14.393460750579834,21.875991582870483,29.268139839172363,14882,29503,44780,59458,nyc,640,1190,1823,2423
m8p6-tp4b.csv,yrb_rng,low,0.0006010532379150391,0.00112152099609375,0.0015230178833007812,0.0020134449005126953,7.384016752243042,15.041121482849121,21.730457544326782,28.7620370388031,15090,29706,44514,59458,nyc,612,1243,1810,2399
